subject,identifier
News,tvtunes_15605
News,tvtunes_28963
News,tvtunes_12324
News,tvtunes_5806
News,tvtunes_8602
News,tvtunes_12064
News,tvtunes_12323
News,tvtunes_27831
News,tvtunes_27830
News,tvtunes_18086
News,tvtunes_23126
News,tvtunes_12325
News,tvtunes_10927
News,tvtunes_10604
News,tvtunes_14390
News,tvtunes_12279
News,tvtunes_15603
News,tvtunes_17970
News,tvtunes_16160
News,tvtunes_17942
News,tvtunes_8624
News,tvtunes_10914
News,tvtunes_13667
News,tvtunes_12022
News,tvtunes_5807
News,tvtunes_21462
News,tvtunes_15604
News,tvtunes_29408
News,tvtunes_19431
News,tvtunes_19054
News,tvtunes_11732
News,tvtunes_22234
News,tvtunes_5101
News,tvtunes_3811
News,tvtunes_8654
Soap,tvtunes_2122
Soap,tvtunes_3544
Soap,tvtunes_950
Soap,tvtunes_8244
Soap,tvtunes_2145
Soap,tvtunes_3546
Soap,tvtunes_2675
Soap,tvtunes_2119
Soap,tvtunes_3550
Soap,tvtunes_3549
Soap,tvtunes_2121
Soap,tvtunes_2110
Soap,tvtunes_2130
Soap,tvtunes_3545
Soap,tvtunes_3555
Soap,tvtunes_11956
Soap,tvtunes_11958
Soap,tvtunes_792
Soap,tvtunes_8382
Soap,tvtunes_2117
Soap,tvtunes_3540
Soap,tvtunes_7409
Soap,tvtunes_2123
Soap,tvtunes_7306
Soap,tvtunes_7938
Soap,tvtunes_3547
Soap,tvtunes_2129
Soap,tvtunes_4473
Soap,tvtunes_13515
Soap,tvtunes_2128
Soap,tvtunes_8706
Soap,tvtunes_27965
Soap,tvtunes_9107
Soap,tvtunes_3531
Soap,tvtunes_3536
Soap,tvtunes_790
Soap,tvtunes_882
Soap,tvtunes_2140
Soap,tvtunes_2125
Soap,tvtunes_2150
Soap,tvtunes_2151
Soap,tvtunes_3537
Soap,tvtunes_3548
Soap,tvtunes_3542
Soap,tvtunes_11928
Soap,tvtunes_13676
Soap,tvtunes_2633
Soap,tvtunes_29310
Soap,tvtunes_2137
Soap,tvtunes_2139
Soap,tvtunes_2672
Soap,tvtunes_2149
Soap,tvtunes_3541
Soap,tvtunes_2132
Soap,tvtunes_27959
Soap,tvtunes_2113
Soap,tvtunes_2148
Soap,tvtunes_3530
Soap,tvtunes_3533
Soap,tvtunes_3539
Soap,tvtunes_14467
Soap,tvtunes_2147
Soap,tvtunes_3854
Soap,tvtunes_25748
Soap,tvtunes_2111
Soap,tvtunes_2143
Soap,tvtunes_2118
Soap,tvtunes_3543
Soap,tvtunes_10885
Soap,tvtunes_2631
Soap,tvtunes_27238
Soap,tvtunes_2135
Soap,tvtunes_8550
Soap,tvtunes_883
Soap,tvtunes_9169
Soap,tvtunes_16661
Soap,tvtunes_29436
Soap,tvtunes_2127
Soap,tvtunes_2114
Soap,tvtunes_2107
Soap,tvtunes_2153
Soap,tvtunes_27960
Soap,tvtunes_2105
Soap,tvtunes_2676
Soap,tvtunes_15329
Soap,tvtunes_15330
Soap,tvtunes_9511
Soap,tvtunes_2112
Soap,tvtunes_9087
Soap,tvtunes_2124
Soap,tvtunes_2131
Soap,tvtunes_2634
Soap,tvtunes_2134
Soap,tvtunes_2142
Soap,tvtunes_3535
Soap,tvtunes_7307
Soap,tvtunes_3538
Soap,tvtunes_3527
Soap,tvtunes_2108
Soap,tvtunes_2144
Soap,tvtunes_2131
Soap,tvtunes_2634
Soap,tvtunes_7307
Soap,tvtunes_3527
Soap,tvtunes_2108
Soap,tvtunes_791
Soap,tvtunes_2138
Soap,tvtunes_2152
Soap,tvtunes_3554
Soap,tvtunes_3556
Soap,tvtunes_15331
Soap,tvtunes_2109
Soap,tvtunes_2673
Soap,tvtunes_2123
Soap,tvtunes_3540
Soap,tvtunes_2635
Soap,tvtunes_2670
Soap,tvtunes_7409
Soap,tvtunes_2142
Soap,tvtunes_3550
Soap,tvtunes_2675
Soap,tvtunes_2119
Soap,tvtunes_2141
Soap,tvtunes_2106
Soap,tvtunes_3528
Soap,tvtunes_2115
Soap,tvtunes_2147
Soap,tvtunes_3854
Soap,tvtunes_2136
Soap,tvtunes_13516
Soap,tvtunes_27227
Soap,tvtunes_881
Soap,tvtunes_9307
Soap,tvtunes_2146
Soap,tvtunes_2144
Soap,tvtunes_27965
Soap,tvtunes_14461
Soap,tvtunes_16662
Soap,tvtunes_874
Soap,tvtunes_9075
Soap,tvtunes_2126
Soap,tvtunes_3529
Soap,tvtunes_3534
Soap,tvtunes_3551
Soap,tvtunes_3552
Soap,tvtunes_2116
Soap,tvtunes_2632
Soap,tvtunes_2678
Game Show,tvtunes_30900
Game Show,tvtunes_30901
Game Show,tvtunes_30905
Game Show,tvtunes_30906
Game Show,tvtunes_30889
Game Show,tvtunes_22817
Game Show,tvtunes_22820
Game Show,tvtunes_22837
Game Show,tvtunes_22784
Game Show,tvtunes_22789
Game Show,tvtunes_30888
Game Show,tvtunes_22797
Game Show,tvtunes_30884
Game Show,tvtunes_29242
Game Show,tvtunes_30164
Game Show,tvtunes_22795
Game Show,tvtunes_22810
Game Show,tvtunes_22830
Game Show,tvtunes_30899
Game Show,tvtunes_30902
Game Show,tvtunes_5053
Game Show,tvtunes_22805
Game Show,tvtunes_5050
Game Show,tvtunes_22788
Game Show,tvtunes_12315
Game Show,tvtunes_22798
Game Show,tvtunes_30914
Game Show,tvtunes_12314
Game Show,tvtunes_17238
Game Show,tvtunes_22813
Game Show,tvtunes_29715
Game Show,tvtunes_22802
Game Show,tvtunes_22832
Game Show,tvtunes_29714
Game Show,tvtunes_22808
Game Show,tvtunes_29818
Game Show,tvtunes_29826
Game Show,tvtunes_30202
Game Show,tvtunes_30913
Game Show,tvtunes_22792
Game Show,tvtunes_22801
Game Show,tvtunes_23914
Game Show,tvtunes_12300
Game Show,tvtunes_22809
Game Show,tvtunes_22816
Game Show,tvtunes_22831
Game Show,tvtunes_22806
Game Show,tvtunes_12318
Game Show,tvtunes_18407
Game Show,tvtunes_12299
Game Show,tvtunes_12306
Game Show,tvtunes_29603
Game Show,tvtunes_30892
Game Show,tvtunes_22786
Game Show,tvtunes_22825
Game Show,tvtunes_22827
Game Show,tvtunes_22818
Game Show,tvtunes_29828
Game Show,tvtunes_29831
Game Show,tvtunes_29832
Game Show,tvtunes_29867
Game Show,tvtunes_29606
Game Show,tvtunes_29636
Game Show,tvtunes_22804
Game Show,tvtunes_22824
Game Show,tvtunes_30912
Game Show,tvtunes_29710
Game Show,tvtunes_30907
Game Show,tvtunes_22814
Game Show,tvtunes_22828
Game Show,tvtunes_22836
Game Show,tvtunes_30895
Game Show,tvtunes_30911
Game Show,tvtunes_30910
Game Show,tvtunes_22826
Game Show,tvtunes_12304
Game Show,tvtunes_22790
Game Show,tvtunes_12311
Game Show,tvtunes_22815
Game Show,tvtunes_29224
Game Show,tvtunes_29713
Game Show,tvtunes_29823
Game Show,tvtunes_22783
Game Show,tvtunes_30890
Game Show,tvtunes_30896
Game Show,tvtunes_22799
Game Show,tvtunes_29709
Game Show,tvtunes_22780
Game Show,tvtunes_22793
Game Show,tvtunes_22800
Game Show,tvtunes_12305
Game Show,tvtunes_12308
Game Show,tvtunes_12310
Game Show,tvtunes_29604
Game Show,tvtunes_30908
Game Show,tvtunes_30909
Game Show,tvtunes_22843
Game Show,tvtunes_22823
Game Show,tvtunes_1482
Game Show,tvtunes_30891
Game Show,tvtunes_30889
Game Show,tvtunes_22784
Game Show,tvtunes_22789
Game Show,tvtunes_22817
Game Show,tvtunes_22820
Game Show,tvtunes_22837
Game Show,tvtunes_12318
Game Show,tvtunes_12299
Game Show,tvtunes_12306
Game Show,tvtunes_22786
Game Show,tvtunes_22825
Game Show,tvtunes_22827
Game Show,tvtunes_18407
Game Show,tvtunes_29603
Game Show,tvtunes_30892
Game Show,tvtunes_22843
Game Show,tvtunes_12305
Game Show,tvtunes_12308
Game Show,tvtunes_12310
Game Show,tvtunes_22780
Game Show,tvtunes_22793
Game Show,tvtunes_22800
Game Show,tvtunes_30908
Game Show,tvtunes_30909
Game Show,tvtunes_29604
Game Show,tvtunes_22844
Game Show,tvtunes_29712
Game Show,tvtunes_29711
Game Show,tvtunes_5050
Game Show,tvtunes_22805
Game Show,tvtunes_22813
Game Show,tvtunes_29710
Game Show,tvtunes_30912
Game Show,tvtunes_22842
Game Show,tvtunes_22782
Game Show,tvtunes_22785
Game Show,tvtunes_22811
Game Show,tvtunes_22821
Game Show,tvtunes_29827
Game Show,tvtunes_29930
Game Show,tvtunes_30204
Game Show,tvtunes_1483
Game Show,tvtunes_12303
Game Show,tvtunes_12313
Game Show,tvtunes_12304
Game Show,tvtunes_22790
Game Show,tvtunes_22839
Game Show,tvtunes_30895
Game Show,tvtunes_12312
Game Show,tvtunes_12319
Game Show,tvtunes_22838
Game Show,tvtunes_22840
Game Show,tvtunes_29605
Game Show,tvtunes_29825
Game Show,tvtunes_30392
Game Show,tvtunes_22841
Game Show,tvtunes_29634
Game Show,tvtunes_30893
Game Show,tvtunes_22787
Game Show,tvtunes_22791
Game Show,tvtunes_1482
Game Show,tvtunes_12317
Game Show,tvtunes_12400
Game Show,tvtunes_30891
Game Show,tvtunes_30894
Game Show,tvtunes_30907
Game Show,tvtunes_22829
Game Show,tvtunes_22833
Game Show,tvtunes_12316
Game Show,tvtunes_29819
Game Show,tvtunes_29863
Game Show,tvtunes_30898
Sports,tvtunes_20615
Sports,tvtunes_25238
Sports,tvtunes_25241
Sports,tvtunes_1348
Sports,tvtunes_17727
Sports,tvtunes_17735
Sports,tvtunes_5582
Sports,tvtunes_7199
Sports,tvtunes_7597
Sports,tvtunes_761
Sports,tvtunes_6130
Sports,tvtunes_25665
Sports,tvtunes_11872
Sports,tvtunes_10073
Sports,tvtunes_21429
Sports,tvtunes_3351
Sports,tvtunes_4728
Sports,tvtunes_9506
Sports,tvtunes_7924
Sports,tvtunes_14568
Sports,tvtunes_27382
Sports,tvtunes_10282
Sports,tvtunes_12889
Sports,tvtunes_14258
Sports,tvtunes_14569
Sports,tvtunes_1734
Sports,tvtunes_1963
Sports,tvtunes_27409
Sports,tvtunes_21428
Sports,tvtunes_22247
Sports,tvtunes_24795
Sports,tvtunes_25954
Sports,tvtunes_27946
Sports,tvtunes_8338
Sports,tvtunes_26248
Sports,tvtunes_762
Sports,tvtunes_27421
Sports,tvtunes_760
Sports,tvtunes_23546
Sports,tvtunes_1965
Sports,tvtunes_3809
Sports,tvtunes_1353
Sports,tvtunes_12467
Sports,tvtunes_15789
Sports,tvtunes_26942
Sports,tvtunes_16783
Sports,tvtunes_12718
Sports,tvtunes_18764
Sports,tvtunes_26943
Sports,tvtunes_17595
Sports,tvtunes_21420
Sports,tvtunes_21958
Sports,tvtunes_4246
Sports,tvtunes_10301
Sports,tvtunes_24652
Sports,tvtunes_16530
Sports,tvtunes_17142
Sports,tvtunes_1654
Sports,tvtunes_6192
Sports,tvtunes_13495
Sports,tvtunes_19328
Sports,tvtunes_1999
Sports,tvtunes_25715
Sports,tvtunes_26854
Sports,tvtunes_27772
Sports,tvtunes_1619
Sports,tvtunes_7756
Sports,tvtunes_27734
Sports,tvtunes_19439
Sports,tvtunes_22698
Sports,tvtunes_7886
Sports,tvtunes_8031
Sports,tvtunes_18694
Sports,tvtunes_22731
Sports,tvtunes_9684
Sports,tvtunes_1355
Sports,tvtunes_10072
Sports,tvtunes_21606
Sports,tvtunes_24651
Sports,tvtunes_10915
Sports,tvtunes_12465
Sports,tvtunes_1349
Sports,tvtunes_16194
Sports,tvtunes_1655
Sports,tvtunes_24654
Sports,tvtunes_25716
Sports,tvtunes_27250
Sports,tvtunes_14830
Sports,tvtunes_22246
Sports,tvtunes_29289
Sports,tvtunes_19076
Sports,tvtunes_23545
Sports,tvtunes_18707
Sports,tvtunes_21430
Sports,tvtunes_7915
Sports,tvtunes_12359
Sports,tvtunes_3812
Sports,tvtunes_22156
Sports,tvtunes_26863
Sports,tvtunes_29478
Sports,tvtunes_21606
Sports,tvtunes_25241
Sports,tvtunes_10915
Sports,tvtunes_12465
Sports,tvtunes_1349
Sports,tvtunes_16194
Sports,tvtunes_1655
Sports,tvtunes_24654
Sports,tvtunes_25716
Sports,tvtunes_27250
Sports,tvtunes_22246
Sports,tvtunes_19076
Sports,tvtunes_23545
Sports,tvtunes_18707
Sports,tvtunes_21430
Sports,tvtunes_760
Sports,tvtunes_762
Sports,tvtunes_26248
Sports,tvtunes_27421
Sports,tvtunes_12469
Sports,tvtunes_16414
Sports,tvtunes_16957
Sports,tvtunes_25113
Sports,tvtunes_27945
Sports,tvtunes_5582
Sports,tvtunes_25183
Sports,tvtunes_14881
Sports,tvtunes_1736
Sports,tvtunes_17940
Sports,tvtunes_8185
Sports,tvtunes_13013
Sports,tvtunes_19027
Sports,tvtunes_7432
Sports,tvtunes_16962
Sports,tvtunes_10070
Sports,tvtunes_11012
Sports,tvtunes_19329
Sports,tvtunes_20610
Sports,tvtunes_1348
Sports,tvtunes_17727
Sports,tvtunes_17735
Sports,tvtunes_25238
Sports,tvtunes_1352
Sports,tvtunes_1354
Sports,tvtunes_10934
Sports,tvtunes_21607
Sports,tvtunes_25714
Sports,tvtunes_18386
Sports,tvtunes_1964
Sports,tvtunes_4022
Sports,tvtunes_4039
Sports,tvtunes_4854
Sports,tvtunes_20924
Sports,tvtunes_20615
Sports,tvtunes_26944
Sports,tvtunes_27409
Sports,tvtunes_22247
Sports,tvtunes_7434
Sports,tvtunes_9526
Sports,tvtunes_14569
Sports,tvtunes_14258
Sports,tvtunes_1734
Sports,tvtunes_1963
Sports,tvtunes_12472
Sports,tvtunes_17941
Sports,tvtunes_757
Sports,tvtunes_10260
Sports,tvtunes_22730
Sports,tvtunes_15788
Sports,tvtunes_1355
Sports,tvtunes_15618
Sports,tvtunes_27249
Sports,tvtunes_11872
Sports,tvtunes_27382
Sports,tvtunes_3351
Sports,tvtunes_4728
Sports,tvtunes_7924
Sports,tvtunes_9506
Sports,tvtunes_16659
Sports,tvtunes_21609
Sports,tvtunes_22672
Sports,tvtunes_27383
Sports,tvtunes_9108
Sports,tvtunes_6130
Sports,tvtunes_761
Sports,tvtunes_7597
Sports,tvtunes_1351
Sports,tvtunes_25665
Sports,tvtunes_15789
Sports,tvtunes_26940
Sports,tvtunes_26353
Sports,tvtunes_12102
Sports,tvtunes_15032
Sports,tvtunes_1350
Sports,tvtunes_7887
Sports,tvtunes_8022
Sports,tvtunes_26887
Sports,tvtunes_27467
Sports,tvtunes_19086
Sports,tvtunes_8646
Sports,tvtunes_759
Sports,tvtunes_9525
Sports,tvtunes_4040
Sports,tvtunes_12690
Sports,tvtunes_13035
Sports,tvtunes_16952
Sports,tvtunes_21431
Sports,tvtunes_758
Sports,tvtunes_9002
Sports,tvtunes_9445
Sports,tvtunes_15781
Sports,tvtunes_10071
Sports,tvtunes_10963
Sports,tvtunes_13012
Sports,tvtunes_13715
Sports,tvtunes_24213
Sports,tvtunes_25839
Sports,tvtunes_27249
Sports,tvtunes_27410
Sports,tvtunes_19027
Sports,tvtunes_10282
Sports,tvtunes_7434
Sports,tvtunes_10069
Sports,tvtunes_12471
Sports,tvtunes_5399
Sports,tvtunes_9588
Sports,tvtunes_8184
Sports,tvtunes_23745
Sports,tvtunes_8185
Sports,tvtunes_14881
Sports,tvtunes_13013
Sports,tvtunes_1736
Sports,tvtunes_17940
Sports,tvtunes_1350
Sports,tvtunes_15032
Sports,tvtunes_26353
Sports,tvtunes_28255
Sports,tvtunes_8572
Sports,tvtunes_4830
Cartoon,tvtunes_30294
Cartoon,tvtunes_25145
Cartoon,tvtunes_9385
Cartoon,tvtunes_5755
Cartoon,tvtunes_30338
Cartoon,tvtunes_4949
Cartoon,tvtunes_9031
Cartoon,tvtunes_2450
Cartoon,tvtunes_12145
Cartoon,tvtunes_18544
Cartoon,tvtunes_6557
Cartoon,tvtunes_17009
Cartoon,tvtunes_30320
Cartoon,tvtunes_10491
Cartoon,tvtunes_14338
Cartoon,tvtunes_19343
Cartoon,tvtunes_24212
Cartoon,tvtunes_29563
Cartoon,tvtunes_17002
Cartoon,tvtunes_18708
Cartoon,tvtunes_12108
Cartoon,tvtunes_20891
Cartoon,tvtunes_30319
Cartoon,tvtunes_30353
Cartoon,tvtunes_6430
Cartoon,tvtunes_27350
Cartoon,tvtunes_10323
Cartoon,tvtunes_6237
Cartoon,tvtunes_19344
Cartoon,tvtunes_25147
Cartoon,tvtunes_25148
Cartoon,tvtunes_8117
Cartoon,tvtunes_2454
Cartoon,tvtunes_30272
Cartoon,tvtunes_14676
Cartoon,tvtunes_25151
Cartoon,tvtunes_12033
Cartoon,tvtunes_30282
Cartoon,tvtunes_11684
Cartoon,tvtunes_13003
Cartoon,tvtunes_12913
Cartoon,tvtunes_14675
Cartoon,tvtunes_29378
Cartoon,tvtunes_30278
Cartoon,tvtunes_30339
Cartoon,tvtunes_23199
Cartoon,tvtunes_9026
Cartoon,tvtunes_20893
Cartoon,tvtunes_20894
Cartoon,tvtunes_21840
Cartoon,tvtunes_22720
Cartoon,tvtunes_6427
Cartoon,tvtunes_8721
Cartoon,tvtunes_9373
Cartoon,tvtunes_10
Cartoon,tvtunes_10862
Cartoon,tvtunes_28192
Cartoon,tvtunes_30276
Cartoon,tvtunes_30333
Cartoon,tvtunes_30358
Cartoon,tvtunes_308
Cartoon,tvtunes_17522
Cartoon,tvtunes_17728
Cartoon,tvtunes_16538
Cartoon,tvtunes_16966
Cartoon,tvtunes_20916
Cartoon,tvtunes_2466
Cartoon,tvtunes_29376
Cartoon,tvtunes_16275
Cartoon,tvtunes_561
Cartoon,tvtunes_30279
Cartoon,tvtunes_20912
Cartoon,tvtunes_30321
Cartoon,tvtunes_20909
Cartoon,tvtunes_10261
Cartoon,tvtunes_30344
Cartoon,tvtunes_14120
Cartoon,tvtunes_30326
Cartoon,tvtunes_9353
Cartoon,tvtunes_14653
Cartoon,tvtunes_20608
Cartoon,tvtunes_2457
Cartoon,tvtunes_30336
Cartoon,tvtunes_30308
Cartoon,tvtunes_20898
Cartoon,tvtunes_13471
Cartoon,tvtunes_14343
Cartoon,tvtunes_30270
Cartoon,tvtunes_22406
Cartoon,tvtunes_30332
Cartoon,tvtunes_25144
Cartoon,tvtunes_30362
Cartoon,tvtunes_11383
Cartoon,tvtunes_21157
Cartoon,tvtunes_11465
Cartoon,tvtunes_2455
Cartoon,tvtunes_2462
Cartoon,tvtunes_30331
Cartoon,tvtunes_2465
Cartoon,tvtunes_13002
Cartoon,tvtunes_30270
Cartoon,tvtunes_22406
Cartoon,tvtunes_30332
Cartoon,tvtunes_25144
Cartoon,tvtunes_30362
Cartoon,tvtunes_11383
Cartoon,tvtunes_21157
Cartoon,tvtunes_11465
Cartoon,tvtunes_2455
Cartoon,tvtunes_2462
Cartoon,tvtunes_30331
Cartoon,tvtunes_2465
Cartoon,tvtunes_25143
Cartoon,tvtunes_7302
Cartoon,tvtunes_10830
Cartoon,tvtunes_28088
Cartoon,tvtunes_13073
Cartoon,tvtunes_12916
Cartoon,tvtunes_1551
Cartoon,tvtunes_17012
Cartoon,tvtunes_18526
Cartoon,tvtunes_19832
Cartoon,tvtunes_30365
Cartoon,tvtunes_10540
Cartoon,tvtunes_13002
Cartoon,tvtunes_9360
Cartoon,tvtunes_29599
Cartoon,tvtunes_20912
Cartoon,tvtunes_30321
Cartoon,tvtunes_19187
Cartoon,tvtunes_20543
Cartoon,tvtunes_6428
Cartoon,tvtunes_10261
Cartoon,tvtunes_12110
Cartoon,tvtunes_17736
Cartoon,tvtunes_23702
Cartoon,tvtunes_29377
Cartoon,tvtunes_30384
Cartoon,tvtunes_30292
Cartoon,tvtunes_9281
Cartoon,tvtunes_30302
Cartoon,tvtunes_26374
Cartoon,tvtunes_17010
Cartoon,tvtunes_14682
Cartoon,tvtunes_30356
Cartoon,tvtunes_20535
Cartoon,tvtunes_8124
Cartoon,tvtunes_9347
Cartoon,tvtunes_20887
Cartoon,tvtunes_20902
Cartoon,tvtunes_30322
Cartoon,tvtunes_14681
Cartoon,tvtunes_10491
Cartoon,tvtunes_14338
Cartoon,tvtunes_20882
Cartoon,tvtunes_20905
Cartoon,tvtunes_17002
Cartoon,tvtunes_18708
Cartoon,tvtunes_19343
Cartoon,tvtunes_24212
Cartoon,tvtunes_29563
Cartoon,tvtunes_29623
Cartoon,tvtunes_9358
Cartoon,tvtunes_9361
Cartoon,tvtunes_9371
Cartoon,tvtunes_30312
Cartoon,tvtunes_20884
Cartoon,tvtunes_7494
Cartoon,tvtunes_7900
Cartoon,tvtunes_25284
Cartoon,tvtunes_30284
Cartoon,tvtunes_30299
Cartoon,tvtunes_30325
Cartoon,tvtunes_30359
Cartoon,tvtunes_19801
Cartoon,tvtunes_9341
Cartoon,tvtunes_2458
Cartoon,tvtunes_17812
Cartoon,tvtunes_30308
Cartoon,tvtunes_10068
Cartoon,tvtunes_11969
Cartoon,tvtunes_13526
Cartoon,tvtunes_14684
Cartoon,tvtunes_16196
Cartoon,tvtunes_16277
Cartoon,tvtunes_17521
Cartoon,tvtunes_20903
Cartoon,tvtunes_30271
Cartoon,tvtunes_30293
Cartoon,tvtunes_30305
Cartoon,tvtunes_30329
Cartoon,tvtunes_3752
Cartoon,tvtunes_3753
Cartoon,tvtunes_42
Cartoon,tvtunes_6116
Cartoon,tvtunes_9299
Cartoon,tvtunes_9955
Cartoon,tvtunes_6236
Cartoon,tvtunes_23139
Cartoon,tvtunes_10349
Cartoon,tvtunes_7988
Cartoon,tvtunes_12914
Cartoon,tvtunes_13321
Cartoon,tvtunes_20913
Cartoon,tvtunes_30323
Cartoon,tvtunes_6429
Cartoon,tvtunes_9017
Cartoon,tvtunes_20912
Cartoon,tvtunes_30321
Cartoon,tvtunes_1556
Cartoon,tvtunes_12915
Cartoon,tvtunes_22406
Cartoon,tvtunes_14679
Cartoon,tvtunes_30332
Cartoon,tvtunes_10491
Cartoon,tvtunes_14338
Cartoon,tvtunes_20882
Cartoon,tvtunes_20905
Cartoon,tvtunes_17002
Cartoon,tvtunes_18708
Cartoon,tvtunes_19343
Cartoon,tvtunes_24212
Cartoon,tvtunes_29563
Cartoon,tvtunes_29623
Cartoon,tvtunes_9358
Cartoon,tvtunes_9361
Cartoon,tvtunes_9371
Cartoon,tvtunes_30312
Cartoon,tvtunes_20884
Cartoon,tvtunes_9345
Cartoon,tvtunes_1557
Cartoon,tvtunes_10068
Cartoon,tvtunes_11969
Cartoon,tvtunes_13526
Cartoon,tvtunes_14684
Cartoon,tvtunes_16196
Cartoon,tvtunes_16277
Cartoon,tvtunes_17521
Cartoon,tvtunes_20903
Cartoon,tvtunes_30271
Cartoon,tvtunes_30293
Cartoon,tvtunes_30305
Cartoon,tvtunes_30329
Cartoon,tvtunes_3752
Cartoon,tvtunes_3753
Cartoon,tvtunes_42
Cartoon,tvtunes_6116
Cartoon,tvtunes_9299
Cartoon,tvtunes_9955
Cartoon,tvtunes_6236
Cartoon,tvtunes_23139
Cartoon,tvtunes_30341
Cartoon,tvtunes_28088
Cartoon,tvtunes_10842
Cartoon,tvtunes_30364
Cartoon,tvtunes_25149
Cartoon,tvtunes_17009
Cartoon,tvtunes_30365
Cartoon,tvtunes_13002
Cartoon,tvtunes_20890
Cartoon,tvtunes_9362
Cartoon,tvtunes_30352
Cartoon,tvtunes_20543
Cartoon,tvtunes_30357
Cartoon,tvtunes_1552
Cartoon,tvtunes_18464
Cartoon,tvtunes_9278
Cartoon,tvtunes_20901
Cartoon,tvtunes_20362
Cartoon,tvtunes_30279
Cartoon,tvtunes_1554
Cartoon,tvtunes_15800
Cartoon,tvtunes_17738
Cartoon,tvtunes_12874
Cartoon,tvtunes_27351
Cartoon,tvtunes_30274
Cartoon,tvtunes_30335
Cartoon,tvtunes_6421
Cartoon,tvtunes_6922
Cartoon,tvtunes_8580
Cartoon,tvtunes_23715
Cartoon,tvtunes_2460
Cartoon,tvtunes_2461
Cartoon,tvtunes_20914
Cartoon,tvtunes_221
Cartoon,tvtunes_19968
Cartoon,tvtunes_10557
Cartoon,tvtunes_12737
Cartoon,tvtunes_8223
Cartoon,tvtunes_29375
Cartoon,tvtunes_9348
Cartoon,tvtunes_30334
Cartoon,tvtunes_30326
Cartoon,tvtunes_30281
Cartoon,tvtunes_30343
Cartoon,tvtunes_30351
Cartoon,tvtunes_3746
Cartoon,tvtunes_3749
Cartoon,tvtunes_14337
Cartoon,tvtunes_30385
Cartoon,tvtunes_30351
Cartoon,tvtunes_3746
Cartoon,tvtunes_3749
Cartoon,tvtunes_14337
Cartoon,tvtunes_30385
Cartoon,tvtunes_6240
Cartoon,tvtunes_16986
Cartoon,tvtunes_9345
Cartoon,tvtunes_1557
Cartoon,tvtunes_14678
Cartoon,tvtunes_30280
Cartoon,tvtunes_9353
Cartoon,tvtunes_20895
Cartoon,tvtunes_14653
Cartoon,tvtunes_20608
Cartoon,tvtunes_30336
Cartoon,tvtunes_2457
Cartoon,tvtunes_6557
Cartoon,tvtunes_30334
Cartoon,tvtunes_9385
Cartoon,tvtunes_30304
Cartoon,tvtunes_2459
Cartoon,tvtunes_9121
Cartoon,tvtunes_20890
Cartoon,tvtunes_10346
Cartoon,tvtunes_29375
Cartoon,tvtunes_8223
Cartoon,tvtunes_14682
Cartoon,tvtunes_26374
Cartoon,tvtunes_29669
Cartoon,tvtunes_10407
Cartoon,tvtunes_30352
Cartoon,tvtunes_9362
Cartoon,tvtunes_2466
Cartoon,tvtunes_308
Cartoon,tvtunes_6427
Cartoon,tvtunes_8721
Cartoon,tvtunes_9373
Cartoon,tvtunes_28192
Cartoon,tvtunes_29376
Cartoon,tvtunes_30276
Cartoon,tvtunes_30333
Cartoon,tvtunes_30358
Cartoon,tvtunes_17010
Cartoon,tvtunes_30319
Cartoon,tvtunes_30353
Cartoon,tvtunes_20891
Cartoon,tvtunes_27350
Cartoon,tvtunes_6430
Cartoon,tvtunes_12033
Cartoon,tvtunes_12108
Cartoon,tvtunes_10411
Cartoon,tvtunes_4948
Cartoon,tvtunes_5911
Cartoon,tvtunes_6241
Cartoon,tvtunes_9476
Cartoon,tvtunes_225
Cartoon,tvtunes_9064
Cartoon,tvtunes_30298
Cartoon,tvtunes_30300
Cartoon,tvtunes_30307
Cartoon,tvtunes_30314
Cartoon,tvtunes_16777
Cartoon,tvtunes_19863
Cartoon,tvtunes_9487
Cartoon,tvtunes_6115
Cartoon,tvtunes_6207
Cartoon,tvtunes_6239
Cartoon,tvtunes_11695
Cartoon,tvtunes_13462
Cartoon,tvtunes_11377
Cartoon,tvtunes_20691
Cartoon,tvtunes_20904
Cartoon,tvtunes_22407
Cartoon,tvtunes_25141
Cartoon,tvtunes_25152
Cartoon,tvtunes_20881
Cartoon,tvtunes_12107
Cartoon,tvtunes_12873
Cartoon,tvtunes_11926
Cartoon,tvtunes_28060
Cartoon,tvtunes_9357
Cartoon,tvtunes_15022
Cartoon,tvtunes_13901
Cartoon,tvtunes_13004
Cartoon,tvtunes_223
Cartoon,tvtunes_8580
Cartoon,tvtunes_10557
Cartoon,tvtunes_12737
Cartoon,tvtunes_12874
Cartoon,tvtunes_30335
Cartoon,tvtunes_6421
Cartoon,tvtunes_6922
Cartoon,tvtunes_221
Cartoon,tvtunes_23715
Cartoon,tvtunes_2460
Cartoon,tvtunes_2461
Cartoon,tvtunes_27351
Cartoon,tvtunes_30274
Cartoon,tvtunes_20914
Cartoon,tvtunes_9064
Cartoon,tvtunes_30298
Cartoon,tvtunes_30300
Cartoon,tvtunes_20881
Cartoon,tvtunes_25600
Cartoon,tvtunes_27352
Cartoon,tvtunes_12107
Cartoon,tvtunes_12873
Cartoon,tvtunes_30288
Cartoon,tvtunes_30289
Cartoon,tvtunes_30311
Cartoon,tvtunes_30330
Cartoon,tvtunes_30348
Cartoon,tvtunes_30363
Cartoon,tvtunes_14335
Cartoon,tvtunes_14342
Cartoon,tvtunes_1555
Cartoon,tvtunes_12672
Cartoon,tvtunes_11926
Cartoon,tvtunes_28060
Cartoon,tvtunes_9357
Cartoon,tvtunes_15022
Cartoon,tvtunes_13901
Cartoon,tvtunes_2459
Cartoon,tvtunes_8580
Cartoon,tvtunes_10557
Cartoon,tvtunes_12737
Cartoon,tvtunes_12874
Cartoon,tvtunes_30335
Cartoon,tvtunes_6421
Cartoon,tvtunes_6922
Cartoon,tvtunes_221
Cartoon,tvtunes_23715
Cartoon,tvtunes_2460
Cartoon,tvtunes_2461
Cartoon,tvtunes_27351
Cartoon,tvtunes_30274
Cartoon,tvtunes_20914
Cartoon,tvtunes_15800
Cartoon,tvtunes_17738
Cartoon,tvtunes_19968
Cartoon,tvtunes_20883
Cartoon,tvtunes_25150
Cartoon,tvtunes_2467
Cartoon,tvtunes_30345
Cartoon,tvtunes_6429
Cartoon,tvtunes_9017
Cartoon,tvtunes_20913
Cartoon,tvtunes_30323
Cartoon,tvtunes_12990
Cartoon,tvtunes_1553
Cartoon,tvtunes_20901
Cartoon,tvtunes_27474
Cartoon,tvtunes_9348
Cartoon,tvtunes_30294
Cartoon,tvtunes_30271
Cartoon,tvtunes_30293
Cartoon,tvtunes_30305
Cartoon,tvtunes_30329
Cartoon,tvtunes_3752
Cartoon,tvtunes_3753
Cartoon,tvtunes_42
Cartoon,tvtunes_6116
Cartoon,tvtunes_6236
Cartoon,tvtunes_14684
Cartoon,tvtunes_16196
Cartoon,tvtunes_16277
Cartoon,tvtunes_17521
Cartoon,tvtunes_9299
Cartoon,tvtunes_9955
Cartoon,tvtunes_11969
Cartoon,tvtunes_10068
Cartoon,tvtunes_13526
Cartoon,tvtunes_23139
Cartoon,tvtunes_20903
Cartoon,tvtunes_29669
Cartoon,tvtunes_30343
Cartoon,tvtunes_30351
Cartoon,tvtunes_30385
Cartoon,tvtunes_16986
Cartoon,tvtunes_13004
Cartoon,tvtunes_14337
Cartoon,tvtunes_30281
Cartoon,tvtunes_223
Cartoon,tvtunes_3746
Cartoon,tvtunes_3749
Cartoon,tvtunes_6240
Cartoon,tvtunes_11892
Cartoon,tvtunes_25140
Cartoon,tvtunes_19969
Cartoon,tvtunes_12175
Cartoon,tvtunes_5055
Cartoon,tvtunes_557
Cartoon,tvtunes_9415
Cartoon,tvtunes_30287
Cartoon,tvtunes_30296
Cartoon,tvtunes_30306
Cartoon,tvtunes_30318
Cartoon,tvtunes_30346
Cartoon,tvtunes_30347
Cartoon,tvtunes_9415
Cartoon,tvtunes_15527
Cartoon,tvtunes_14340
Cartoon,tvtunes_20888
Cartoon,tvtunes_30286
Cartoon,tvtunes_5054
Cartoon,tvtunes_556
Cartoon,tvtunes_559
Cartoon,tvtunes_7254
Cartoon,tvtunes_3751
Cartoon,tvtunes_3754
Cartoon,tvtunes_4369
Cartoon,tvtunes_6487
Cartoon,tvtunes_7390
Cartoon,tvtunes_9403
Cartoon,tvtunes_27345
